problem,solver,solver_name,load_factor,load_factor_mean,demand_proxy_mean,n_legs,best_solution_for_load_factor,n_loadfactor_reps,n_macroreps,budget,n_jobs,runtime_mean_seconds,runtime_total_seconds,iterations_mean,iterations_max,mean_final_objective,has_coded_optimal_value,experiment,problem_variant
VANRYZIN-2,DAVN,DAVN,"[0.8065902310523176, 0.7534929500426354, 0.7856286259703956, 0.8312992397973974, 0.8289119888073848, 0.8832635396477279, 0.6316738063398811, 0.6383965274339255]",0.7699071136364581,12.475,8,"(0.0, 5.517356874632895, 17.005810004580596, 38.726516636637385, 45.31992315320271, 58.669497387760956, 71.11754322843441, 89.70483152287952, 125.99999999999999, 125.99999999999999, 0.0, 5.432943336094482, 16.940850342024035, 38.56767928994772, 45.52101596353005, 58.61514142721482, 71.71619595412005, 116.25739202361761, 125.99999999999999, 125.99999999999999, 0.0, 7.086605855112467, 16.58972724404461, 27.176797590079474, 41.007002648487614, 53.876446849915865, 69.41657936647896, 93.04970291623094, 125.7171518645549, 125.99999999999999, 0.0, 6.997006737883609, 16.50978019719993, 27.220801098833206, 41.14265948534364, 54.17699936634641, 69.585317683894, 92.97204944262894, 125.99999999999999, 125.99999999999999, 0.0, 2.5056391514805796, 9.572513232533552, 15.832323575309218, 23.490027804154366, 60.017246786978646, 76.98261632164198, 94.81826515089263, 119.25458340884596, 125.99999999999999, 0.0, 2.526946688331279, 9.617446179562037, 15.907921048605914, 23.35277654855041, 58.773232741113574, 68.34381461153758, 78.46504802529266, 120.7605171534549, 125.99999999999999, 0.0, 24.21541307739473, 50.350454046558966, 74.68870484093392, 79.8912500531263, 93.49805334291062, 101.66450499137942, 117.60979684725865, 125.99999999999999, 125.99999999999999, 0.0, 24.05224768089542, 50.420224873539965, 75.00050599127428, 80.23360031196422, 93.35656704652033, 102.2066137962902, 117.74192092885006, 125.99999999999999, 125.99999999999999)",5,1,20,,0.12127420795150101,0.12127420795150101,0.0,0.0,-99165.09460529013,False,adp_vs_davn_sgd,reduced_capacity
