{
  "ADAM": {
    "r": 22,
    "beta_1": 0.58,
    "beta_2": 0.5993999999999999,
    "alpha": 0.45999999999999996
  },
  "ASTRODF": {
    "eta_1": 0.038,
    "eta_2": 0.38,
    "gamma_1": 2.3,
    "gamma_2": 0.33999999999999997,
    "lambda_min": 6,
    "ps_sufficient_reduction": 0.018
  },
  "NELDMD": {
    "r": 26
  },
  "RNDSRCH": {
    "sample_size": 7
  },
  "STRONG": {
    "n0": 5,
    "n_r": 6,
    "eta_0": 0.001,
    "eta_1": 0.05,
    "gamma_1": 0.32999999999999996,
    "gamma_2": 1.1460000000000001,
    "lambda_2": 1.6483999999999999
  }
}