{
  "ADAM": {
    "r": 22,
    "beta_1": 0.5,
    "beta_2": 0.59958,
    "alpha": 0.45999999999999996
  },
  "ASTRODF": {
    "eta_1": 0.024,
    "eta_2": 0.32,
    "gamma_1": 2.3,
    "gamma_2": 0.2,
    "lambda_min": 5,
    "ps_sufficient_reduction": 0.028000000000000004
  },
  "NELDMD": {
    "r": 19
  },
  "RNDSRCH": {
    "sample_size": 6
  },
  "STRONG": {
    "n0": 5,
    "n_r": 6,
    "eta_0": 0.001,
    "eta_1": 0.1,
    "gamma_1": 0.42000000000000004,
    "gamma_2": 1.1,
    "lambda_2": 1.6483999999999999
  },
  "ASTROMORF": {
    "eta_1": 0.01,
    "eta_2": 0.26,
    "gamma_1": 2.4,
    "gamma_2": 1.58,
    "gamma_3": 0.52,
    "lambda_min": 7,
    "subproblem_regularisation": 0.16499999999999998,
    "ps_sufficient_reduction": 0.01
  }
}